date,open,high,low,close,volume,amount,turnover_rate,change_pct,amplitude
2023-09-15,10.91,11.01,10.8,10.89,95774.0,1042978.8600000001,0.0,,1.9444444444444358
2023-09-18,10.8,10.93,10.72,10.77,82320.0,886586.3999999999,0.0,-1.1019283746556585,1.9589552238805885
2023-09-19,10.72,10.82,10.58,10.68,82124.0,877084.32,0.0,-0.835654596100277,2.268431001890361
2023-09-20,10.66,10.89,10.64,10.66,78880.0,840860.8,0.0,-0.1872659176029967,2.3496240601503757
2023-09-21,10.58,10.8,10.55,10.66,85478.0,911195.48,0.0,0.0,2.3696682464454977
2023-09-22,10.6,10.83,10.54,10.78,121925.0,1314351.5,0.0,1.1257035647279423,2.7514231499051323
2023-09-25,10.7,11.13,10.62,11.11,189383.0,2104045.13,0.0,3.0612244897959107,4.802259887005665
2023-09-26,11.01,11.02,10.68,10.75,126020.0,1354715.0,0.0,-3.24032403240323,3.1835205992509352
2023-09-27,10.74,10.8,10.64,10.68,75058.0,801619.44,0.0,-0.6511627906976791,1.5037593984962419
2023-09-28,10.6,11.02,10.6,10.93,117997.0,1289707.21,0.0,2.3408239700374533,3.9622641509433953
2023-10-09,10.95,11.14,10.9,10.96,85390.0,935874.4,0.0,0.27447392497714773,2.201834862385323
2023-10-10,11.03,11.05,10.84,10.91,67723.0,738857.93,0.0,-0.45620437956205295,1.9372693726937347
2023-10-11,10.91,11.18,10.89,11.11,109116.0,1212278.76,0.0,1.8331805682859637,2.6629935720844733
2023-10-12,11.15,11.17,11.0,11.12,61014.0,678475.6799999999,0.0,0.09000900090008201,1.5454545454545447
2023-10-13,11.1,11.9,11.0,11.69,336588.0,3934713.7199999997,0.0,5.125899280575541,8.181818181818185
2023-10-16,11.72,11.78,11.31,11.49,134263.0,1542681.87,0.0,-1.7108639863130826,4.155614500442076
2023-10-17,11.5,11.56,11.21,11.36,81585.0,926805.6,0.0,-1.1314186248912117,3.1222123104371065
2023-10-18,11.32,11.37,11.1,11.1,87932.0,976045.2,0.0,-2.2887323943661997,2.432432432432429
2023-10-19,11.07,11.31,11.02,11.06,90254.0,998209.24,0.0,-0.3603603603603567,2.6315789473684297
2023-10-20,11.06,11.15,10.65,10.68,140718.0,1502868.24,0.0,-3.4358047016274984,4.694835680751173
2023-10-23,10.59,10.66,10.3,10.36,96683.0,1001635.8799999999,0.0,-2.9962546816479474,3.4951456310679556
2023-10-24,10.36,10.58,10.24,10.45,102963.0,1075963.3499999999,0.0,0.8687258687258614,3.3203124999999987
2023-10-25,10.54,10.78,10.46,10.65,89715.0,955464.75,0.0,1.9138755980861344,3.0592734225621268
2023-10-26,10.61,11.45,10.5,11.35,198971.0,2258320.85,0.0,6.572769953051627,9.04761904761904
2023-10-27,11.31,11.49,11.06,11.38,146027.0,1661787.26,0.0,0.2643171806167466,3.8878842676311005
2023-10-30,11.31,11.7,11.29,11.61,150462.0,1746863.8199999998,0.0,2.0210896309314386,3.6315323294951303
2023-10-31,11.46,11.66,11.34,11.41,143349.0,1635612.09,0.0,-1.7226528854435763,2.8218694885361577
2023-11-01,11.43,11.75,11.31,11.54,151166.0,1744455.64,0.0,1.1393514460999121,3.8903625110521616
2023-11-02,11.5,11.66,11.36,11.38,88538.0,1007562.4400000001,0.0,-1.3864818024263315,2.6408450704225417
2023-11-03,11.4,11.91,11.4,11.75,224078.0,2632916.5,0.0,3.2513181019331983,4.473684210526314
2023-11-06,11.76,12.68,11.76,12.43,382610.0,4755842.3,0.0,5.787234042553191,7.82312925170068
2023-11-07,12.42,13.35,12.2,13.12,524307.0,6878907.84,0.0,5.55108608205952,9.426229508196725
2023-11-08,13.09,13.23,12.73,13.16,357314.0,4702252.24,0.0,0.3048780487804992,3.927729772191673
2023-11-09,13.1,13.2,12.75,12.9,198745.0,2563810.5,0.0,-1.9756838905775065,3.529411764705877
2023-11-10,12.83,13.04,12.67,12.95,195805.0,2535674.75,0.0,0.3875968992248069,2.9202841357537426
2023-11-13,12.92,13.12,12.81,13.07,169501.0,2215378.07,0.0,0.9266409266409426,2.4199843871974918
2023-11-14,13.06,13.31,12.91,13.11,240373.0,3151290.03,0.0,0.3060443764345777,3.0983733539891585
2023-11-15,13.21,13.62,13.06,13.3,286175.0,3806127.5,0.0,1.449275362318847,4.287901990811629
2023-11-16,13.28,13.29,12.9,12.92,215924.0,2789738.08,0.0,-2.857142857142858,3.023255813953479
2023-11-17,12.84,12.97,12.64,12.81,213641.0,2736741.21,0.0,-0.8513931888544879,2.6107594936708867
2023-11-20,12.85,13.02,12.73,12.99,169411.0,2200648.89,0.0,1.4051522248243575,2.2780832678711636
2023-11-21,12.91,13.37,12.91,13.0,193100.0,2510300.0,0.0,0.07698229407235857,3.5631293570875218
2023-11-22,12.99,13.24,12.88,12.94,156562.0,2025912.28,0.0,-0.4615384615384688,2.795031055900617
2023-11-23,12.96,13.4,12.84,13.3,214277.0,2849884.1,0.0,2.782071097372496,4.3613707165109075
2023-11-24,13.5,13.55,13.12,13.27,207121.0,2748495.67,0.0,-0.22556390977443996,3.2774390243902554
2023-11-27,13.21,13.37,13.0,13.1,176097.0,2306870.6999999997,0.0,-1.2810851544837965,2.8461538461538405
2023-11-28,13.1,13.23,12.85,13.0,190562.0,2477306.0,0.0,-0.7633587786259555,2.957198443579773
2023-11-29,13.01,13.17,12.89,12.95,140399.0,1818167.0499999998,0.0,-0.38461538461539435,2.1722265321954954
2023-11-30,12.9,12.96,12.6,12.84,146569.0,1881945.96,0.0,-0.8494208494208455,2.857142857142867
2023-12-01,12.86,12.93,12.7,12.87,92223.0,1186910.01,0.0,0.2336448598130758,1.8110236220472475
2023-12-04,12.8,13.02,12.68,12.84,89069.0,1143645.96,0.0,-0.2331002331002252,2.6813880126182954
2023-12-05,12.82,12.82,12.4,12.42,133837.0,1662255.54,0.0,-3.2710280373831724,3.387096774193548
2023-12-06,12.5,12.57,12.2,12.29,181258.0,2227660.82,0.0,-1.046698872785834,3.03278688524591
2023-12-07,12.26,12.4,12.09,12.32,138361.0,1704607.52,0.0,0.24410089503661414,2.5641025641025683
2023-12-08,12.29,12.65,12.1,12.17,126512.0,1539651.04,0.0,-1.2175324675324672,4.545454545454551
2023-12-11,12.35,13.17,12.22,13.07,316693.0,4139177.5100000002,0.0,7.395234182415789,7.774140752864151
2023-12-12,12.93,13.38,12.93,13.25,242171.0,3208765.75,0.0,1.377199693955622,3.48027842227379
2023-12-13,13.27,13.37,13.04,13.07,131153.0,1714169.71,0.0,-1.3584905660377289,2.5306748466257676
2023-12-14,13.08,13.19,12.35,12.43,206265.0,2563873.9499999997,0.0,-4.896710022953332,6.801619433198379
2023-12-15,12.43,12.56,12.29,12.36,104175.0,1287603.0,0.0,-0.5631536604987941,2.1969080553295472
2023-12-18,12.4,12.4,12.1,12.18,78930.0,961367.4,0.0,-1.4563106796116498,2.4793388429752126
2023-12-19,12.18,12.58,12.09,12.48,120841.0,1508095.6800000002,0.0,2.4630541871921263,4.0529363110008285
2023-12-20,12.53,12.77,12.4,12.49,101724.0,1270532.76,0.0,0.08012820512819374,2.9838709677419293
2023-12-21,12.41,12.67,12.13,12.46,99341.0,1237788.86,0.0,-0.24019215372297342,4.451772464962894
2023-12-22,12.59,12.61,12.33,12.44,110383.0,1373164.52,0.0,-0.16051364365972098,2.270884022708835
2023-12-25,12.4,12.67,12.29,12.47,123648.0,1541890.56,0.0,0.2411575562700996,3.0919446704637985
2023-12-26,12.7,12.78,12.4,12.51,151184.0,1891311.84,0.0,0.3207698476343168,3.06451612903225
2023-12-27,12.57,13.13,12.39,13.05,190051.0,2480165.5500000003,0.0,4.316546762589946,5.972558514931397
2023-12-28,13.07,13.11,12.8,12.85,150451.0,1933295.3499999999,0.0,-1.532567049808442,2.4218749999999902
2023-12-29,12.91,13.38,12.81,13.23,188894.0,2499067.62,0.0,2.9571984435797782,4.449648711943796
2024-01-02,13.23,13.29,13.03,13.12,116535.0,1528939.2,0.0,-0.8314436885865528,1.9953952417498064
2024-01-03,13.08,13.09,12.41,12.42,238475.0,2961859.5,0.0,-5.335365853658535,5.4794520547945185
2024-01-04,12.4,12.6,12.2,12.31,123410.0,1519177.1,0.0,-0.8856682769726176,3.2786885245901667
2024-01-05,12.48,12.76,11.97,12.09,155660.0,1881929.4,0.0,-1.7871649065800188,6.599832915622382
2024-01-08,11.95,12.08,11.67,11.68,128998.0,1506696.64,0.0,-3.3912324234904867,3.5132819194515865
2024-01-09,11.79,11.95,11.65,11.8,91515.0,1079877.0,0.0,1.0273972602739878,2.57510729613733
2024-01-10,11.84,11.84,11.5,11.53,89179.0,1028233.87,0.0,-2.288135593220353,2.9565217391304333
2024-01-11,11.53,11.76,11.48,11.69,108526.0,1268668.94,0.0,1.3876843018213458,2.4390243902438966
2024-01-12,11.72,11.85,11.6,11.69,82394.0,963185.86,0.0,0.0,2.1551724137931036
2024-01-15,11.72,11.93,11.64,11.71,69581.0,814793.51,0.0,0.17108639863132602,2.4914089347078963
2024-01-16,11.68,11.72,11.26,11.39,135810.0,1546875.9000000001,0.0,-2.7327070879590076,4.085257548845479
2024-01-17,11.4,11.48,11.12,11.15,80268.0,894988.2000000001,0.0,-2.1071115013169495,3.237410071942457
2024-01-18,11.06,11.2,10.7,11.17,154534.0,1726144.78,0.0,0.17937219730941312,4.672897196261683
2024-01-19,11.0,11.21,11.0,11.04,59828.0,660501.12,0.0,-1.1638316920322356,1.909090909090917
2024-01-22,11.0,11.07,10.03,10.23,157097.0,1607102.31,0.0,-7.336956521739124,10.36889332003989
2024-01-23,10.25,10.51,10.1,10.29,113374.0,1166618.46,0.0,0.586510263929596,4.059405940594061
2024-01-24,10.36,10.56,10.0,10.49,122553.0,1285580.97,0.0,1.9436345966958424,5.600000000000005
2024-01-25,10.54,11.34,10.42,11.17,169947.0,1898307.99,0.0,6.48236415633936,8.829174664107486
2024-01-26,11.17,11.19,10.81,10.88,100539.0,1093864.32,0.0,-2.5962399283795845,3.5152636447733485
2024-01-29,10.9,11.0,10.41,10.49,132788.0,1392946.12,0.0,-3.5845588235294157,5.667627281460133
2024-01-30,10.47,10.65,10.09,10.18,84384.0,859029.12,0.0,-2.9551954242135414,5.55004955401388
2024-01-31,10.15,10.26,9.5,9.64,185321.0,1786494.4400000002,0.0,-5.3045186640471425,7.999999999999997
2024-02-01,9.63,9.84,9.38,9.52,125035.0,1190333.2,0.0,-1.2448132780083054,4.904051172707879
2024-02-02,9.52,9.72,8.86,9.22,181300.0,1671586.0,0.0,-3.1512605042016695,9.706546275395048
2024-02-05,9.11,9.15,8.29,8.48,255980.0,2170710.4,0.0,-8.026030368763559,10.373944511459605
2024-02-06,8.47,9.34,8.18,9.29,230409.0,2140499.61,0.0,9.551886792452823,14.180929095354525
2024-02-07,9.27,10.09,9.23,9.89,227175.0,2246760.75,0.0,6.4585575888051805,9.317443120260014
2024-02-08,10.06,10.7,10.04,10.41,204393.0,2127731.13,0.0,5.257836198179966,6.573705179282871
2024-02-19,10.5,10.59,10.21,10.38,156753.0,1627096.1400000001,0.0,-0.2881844380403398,3.721841332027414
2024-02-20,10.28,10.77,10.15,10.61,158992.0,1686905.1199999999,0.0,2.215799614643532,6.108374384236445
2024-02-21,10.42,11.06,10.42,10.57,209825.0,2217850.25,0.0,-0.37700282752120007,6.142034548944343
2024-02-22,10.52,10.71,10.4,10.59,150882.0,1597840.38,0.0,0.18921475875117721,2.9807692307692353
2024-02-23,10.63,10.67,10.36,10.57,168453.0,1780548.21,0.0,-0.18885741265344258,2.992277992277997
2024-02-26,10.58,10.92,10.49,10.67,174783.0,1864934.61,0.0,0.9460737937559083,4.099142040038128
2024-02-27,10.6,10.92,10.53,10.92,120266.0,1313304.72,0.0,2.3430178069353325,3.703703703703709
2024-02-28,10.95,11.03,10.16,10.16,215916.0,2193706.56,0.0,-6.959706959706957,8.562992125984243
2024-02-29,10.08,10.65,10.08,10.64,152643.0,1624121.52,0.0,4.7244094488189115,5.654761904761908
2024-03-01,10.66,10.81,10.5,10.63,153650.0,1633299.5000000002,0.0,-0.09398496240601295,2.952380952380957
2024-03-04,10.69,10.74,10.51,10.64,116175.0,1236102.0,0.0,0.09407337723423836,2.188392007611802
2024-03-05,10.64,10.89,10.51,10.62,179151.0,1902583.6199999999,0.0,-0.1879699248120481,3.615604186489066
2024-03-06,10.52,10.78,10.36,10.66,148534.0,1583372.44,0.0,0.37664783427495685,4.0540540540540535
2024-03-07,10.66,10.74,10.4,10.43,100574.0,1048986.82,0.0,-2.157598499061919,3.269230769230768
2024-03-08,10.41,10.6,10.39,10.55,121853.0,1285549.1500000001,0.0,1.1505273250239867,2.021174205967267
2024-03-11,10.69,10.96,10.55,10.9,217830.0,2374347.0,0.0,3.3175355450236976,3.8862559241706176
2024-03-12,10.89,11.23,10.79,11.05,211363.0,2335561.1500000004,0.0,1.3761467889908285,4.077849860982403
2024-03-13,11.17,11.48,11.08,11.22,238379.0,2674612.3800000004,0.0,1.538461538461533,3.610108303249101
2024-03-14,11.2,11.34,11.02,11.18,170254.0,1903439.72,0.0,-0.35650623885918886,2.9038112522686053
2024-03-15,11.05,11.43,11.05,11.43,158665.0,1813540.95,0.0,2.2361359570661987,3.4389140271493117
2024-03-18,11.5,11.69,11.46,11.66,169140.0,1972172.4000000001,0.0,2.012248468941391,2.006980802792309
2024-03-19,11.7,12.07,11.6,11.85,252105.0,2987444.25,0.0,1.6295025728988,4.05172413793104
2024-03-20,11.97,12.27,11.94,12.17,217055.0,2641559.35,0.0,2.700421940928277,2.7638190954773876
2024-03-21,12.3,12.93,12.25,12.7,314167.0,3989920.9,0.0,4.354971240755945,5.5510204081632635
2024-03-22,12.63,12.75,12.17,12.31,250513.0,3083815.0300000003,0.0,-3.070866141732276,4.765817584223501
2024-03-25,12.18,12.33,11.71,11.75,222160.0,2610380.0,0.0,-4.5491470349309555,5.294619982920574
2024-03-26,11.67,12.28,11.61,12.2,241176.0,2942347.1999999997,0.0,3.8297872340425476,5.770887166236003
2024-03-27,12.18,12.37,11.72,11.72,258740.0,3032432.8000000003,0.0,-3.934426229508181,5.54607508532422
2024-03-28,11.78,12.64,11.74,12.4,340743.0,4225213.2,0.0,5.802047781569963,7.666098807495744
2024-03-29,12.35,12.97,12.1,12.97,401713.0,5210217.61,0.0,4.596774193548381,7.1900826446281085
2024-04-01,12.71,13.23,12.41,12.95,482747.0,6251573.649999999,0.0,-0.15420200462606948,6.607574536663983
2024-04-02,13.06,13.19,12.63,12.8,336317.0,4304857.600000001,0.0,-1.1583011583011449,4.433887569279483
2024-04-03,12.94,13.03,12.36,12.39,289330.0,3584798.7,0.0,-3.2031249999999956,5.420711974110032
2024-04-08,12.03,12.59,12.0,12.17,230550.0,2805793.5,0.0,-1.7756255044390712,4.916666666666666
2024-04-09,12.16,12.99,12.08,12.78,360961.0,4613081.58,0.0,5.012325390304029,7.533112582781458
2024-04-10,12.65,12.75,12.05,12.19,244084.0,2975383.96,0.0,-4.616588419405321,5.809128630705388
2024-04-11,12.0,12.28,11.7,11.78,255509.0,3009896.02,0.0,-3.3634126333059844,4.957264957264958
2024-04-12,11.77,11.92,11.63,11.66,141590.0,1650939.4,0.0,-1.018675721561968,2.49355116079105
2024-04-15,11.6,11.83,11.25,11.45,199381.0,2282912.4499999997,0.0,-1.8010291595197292,5.155555555555556
2024-04-16,11.44,11.51,10.73,10.83,219113.0,2372993.79,0.0,-5.414847161572045,7.269338303821056
2024-04-17,10.89,11.43,10.89,11.3,167651.0,1894456.3,0.0,4.339796860572487,4.958677685950405
2024-04-18,11.2,11.99,11.12,11.69,232895.0,2722542.55,0.0,3.451327433628304,7.823741007194254
2024-04-19,11.76,11.77,10.51,10.75,493522.0,5305361.5,0.0,-8.041060735671513,11.98858230256898
2024-04-22,10.58,10.66,10.33,10.57,181977.0,1923496.8900000001,0.0,-1.6744186046511622,3.1945788964182
2024-04-23,10.64,10.69,10.32,10.41,118845.0,1237176.45,0.0,-1.5137180700094621,3.58527131782945
2024-04-24,10.41,10.61,10.33,10.6,101797.0,1079048.2,0.0,1.8251681075888593,2.710551790900284
2024-04-25,10.55,10.68,10.41,10.52,100130.0,1053367.5999999999,0.0,-0.7547169811320753,2.593659942363108
2024-04-26,10.5,10.98,10.48,10.91,157323.0,1716393.93,0.0,3.707224334600756,4.770992366412213
2024-04-29,10.87,11.31,10.87,11.25,156186.0,1757092.5,0.0,3.1164069660861493,4.0478380864765535
2024-04-30,11.06,11.32,10.82,10.85,169239.0,1836243.15,0.0,-3.5555555555555562,4.621072088724584
2024-05-06,11.03,11.37,11.03,11.18,139861.0,1563645.98,0.0,3.0414746543778737,3.082502266545783
2024-05-07,11.17,11.24,11.05,11.13,98724.0,1098798.12,0.0,-0.4472271914132242,1.7194570135746559
2024-05-08,11.01,11.11,10.56,10.65,161524.0,1720230.6,0.0,-4.312668463611868,5.208333333333323
2024-05-09,10.65,10.96,10.65,10.82,102583.0,1109948.06,0.0,1.5962441314554043,2.9107981220657324
2024-05-10,10.79,10.89,10.48,10.56,123624.0,1305469.4400000002,0.0,-2.402957486136781,3.912213740458016
2024-05-13,10.48,10.48,10.11,10.25,111781.0,1145755.25,0.0,-2.9356060606060663,3.659742828882305
2024-05-14,10.25,10.48,10.16,10.21,101007.0,1031281.4700000001,0.0,-0.39024390243901363,3.1496062992126013
2024-05-15,10.22,10.33,10.04,10.07,93293.0,939460.51,0.0,-1.3712047012732653,2.8884462151394517
2024-05-16,10.1,10.46,10.1,10.17,123698.0,1258008.66,0.0,0.9930486593842991,3.5643564356435764
2024-05-17,10.25,10.89,10.18,10.84,304262.0,3298200.08,0.0,6.588003933136677,6.9744597249508935
2024-05-20,11.0,11.05,10.51,10.72,282135.0,3024487.2,0.0,-1.1070110701106972,5.137963843958144
2024-05-21,10.58,10.6,10.38,10.46,143906.0,1505256.76,0.0,-2.425373134328357,2.11946050096338
2024-05-22,10.5,10.82,10.37,10.72,184823.0,1981302.56,0.0,2.48565965583174,4.339440694310522
2024-05-23,10.62,10.68,10.16,10.23,172346.0,1763099.58,0.0,-4.570895522388064,5.118110236220468
2024-05-24,10.2,10.2,9.85,9.88,188828.0,1865620.6400000001,0.0,-3.421309872922773,3.5532994923857837
2024-05-27,9.81,10.03,9.66,10.02,128577.0,1288341.54,0.0,1.4170040485829816,3.8302277432712133
2024-05-28,9.99,10.16,9.75,9.8,137371.0,1346235.8,0.0,-2.195608782435121,4.205128205128206
2024-05-29,9.78,10.0,9.73,9.85,85589.0,843051.65,0.0,0.5102040816326481,2.7749229188078064
2024-05-30,9.81,10.01,9.67,9.87,111177.0,1097316.99,0.0,0.20304568527917954,3.5160289555325734
2024-05-31,9.9,10.09,9.9,9.95,87583.0,871450.85,0.0,0.8105369807497542,1.9191919191919142
2024-06-03,10.07,10.07,9.66,9.72,137059.0,1332213.48,0.0,-2.311557788944707,4.244306418219463
2024-06-04,9.67,9.72,9.32,9.56,173470.0,1658373.2000000002,0.0,-1.6460905349794275,4.291845493562235
2024-06-05,9.43,9.69,9.43,9.46,101486.0,960057.56,0.0,-1.0460251046025104,2.7571580063626704
2024-06-06,9.48,9.57,9.1,9.21,159983.0,1473443.4300000002,0.0,-2.6427061310782207,5.164835164835172
2024-06-07,9.26,9.41,9.19,9.33,88922.0,829642.26,0.0,1.3029315960912058,2.39390642002177
2024-06-11,9.28,9.55,9.12,9.52,101603.0,967260.5599999999,0.0,2.0364415862808016,4.714912280701771
2024-06-12,9.52,9.69,9.5,9.51,84892.0,807322.9199999999,0.0,-0.10504201680672232,1.999999999999995
2024-06-13,9.48,9.67,9.41,9.56,84727.0,809990.12,0.0,0.525762355415349,2.7630180658873513
2024-06-14,9.57,9.62,9.43,9.58,83902.0,803781.16,0.0,0.20920502092049986,2.014846235418871
2024-06-17,9.52,9.85,9.5,9.75,113154.0,1103251.5,0.0,1.7745302713987554,3.684210526315786
2024-06-18,9.78,9.96,9.72,9.86,102056.0,1006272.1599999999,0.0,1.1282051282051286,2.469135802469138
2024-06-19,9.86,9.92,9.66,9.7,81929.0,794711.2999999999,0.0,-1.6227180527383367,2.6915113871635588
2024-06-20,9.7,9.72,9.48,9.49,81910.0,777325.9,0.0,-2.1649484536082397,2.531645569620255
2024-06-21,9.42,9.57,9.35,9.52,66762.0,635574.24,0.0,0.31612223393044925,2.352941176470595
2024-06-24,9.41,9.45,8.89,8.95,166470.0,1489906.4999999998,0.0,-5.987394957983194,6.299212598425181
2024-06-25,8.94,9.05,8.73,8.81,99374.0,875484.9400000001,0.0,-1.5642458100558532,3.66552119129439
2024-06-26,8.88,9.39,8.72,9.34,132107.0,1233879.38,0.0,6.015891032917131,7.683486238532108
2024-06-27,9.43,9.43,9.1,9.14,84955.0,776488.7000000001,0.0,-2.1413276231263323,3.6263736263736273
2024-06-28,9.14,9.54,9.04,9.33,100620.0,938784.6,0.0,2.0787746170678245,5.530973451327434
2024-07-01,9.33,9.35,8.95,9.17,107748.0,988049.16,0.0,-1.7148981779206873,4.469273743016764
2024-07-02,9.09,9.25,9.0,9.07,71738.0,650663.66,0.0,-1.0905125408942173,2.7777777777777777
2024-07-03,9.07,9.16,8.93,9.04,60426.0,546251.0399999999,0.0,-0.3307607497243792,2.575587905935055
2024-07-04,9.08,9.1,8.79,8.82,78767.0,694724.9400000001,0.0,-2.433628318584058,3.526734926052338
2024-07-05,8.87,8.92,8.66,8.89,75582.0,671923.9800000001,0.0,0.7936507936507908,3.0023094688221685
2024-07-08,8.88,8.91,8.61,8.65,70712.0,611658.8,0.0,-2.699662542182224,3.4843205574912974
2024-07-09,8.65,9.06,8.55,9.03,108861.0,983014.83,0.0,4.393063583815016,5.964912280701752
2024-07-10,9.0,9.19,8.99,9.06,81044.0,734258.64,0.0,0.33222591362127574,2.224694104560615
2024-07-11,9.23,9.46,9.19,9.41,122958.0,1157034.78,0.0,3.863134657836631,2.9379760609358145
2024-07-12,9.38,9.38,9.23,9.27,57646.0,534378.4199999999,0.0,-1.4877789585547307,1.6251354279523331
2024-07-15,9.29,9.41,9.13,9.17,60832.0,557829.44,0.0,-1.0787486515641764,3.0668127053669147
2024-07-16,9.17,9.47,9.17,9.42,124602.0,1173750.84,0.0,2.72628135223556,3.2715376226826685
2024-07-17,9.42,9.66,9.23,9.23,107037.0,987951.51,0.0,-2.016985138004246,4.658721560130007
2024-07-18,9.17,9.2,8.9,9.07,97673.0,885894.11,0.0,-1.7334777898158182,3.370786516853921
2024-07-19,9.03,9.19,9.0,9.07,60673.0,550304.11,0.0,0.0,2.111111111111106
2024-07-22,9.07,9.44,8.94,9.27,117490.0,1089132.3,0.0,2.2050716648291058,5.592841163310962
2024-07-23,9.29,9.3,8.91,8.92,96592.0,861600.64,0.0,-3.7756202804746453,4.377104377104383
2024-07-24,8.84,9.15,8.75,8.77,90696.0,795403.9199999999,0.0,-1.681614349775784,4.571428571428576
2024-07-25,8.73,8.85,8.53,8.77,78361.0,687225.97,0.0,0.0,3.7514654161781986
2024-07-26,8.76,9.09,8.75,9.02,82567.0,744754.34,0.0,2.850627137970352,3.885714285714284
2024-07-29,9.1,9.44,8.99,9.32,150915.0,1406527.8,0.0,3.3259423503326113,5.005561735261393
2024-07-30,9.26,9.35,9.01,9.07,137439.0,1246571.73,0.0,-2.682403433476399,3.7735849056603756
2024-07-31,9.07,9.71,9.06,9.61,215345.0,2069465.45,0.0,5.953693495038581,7.174392935982343
2024-08-01,9.64,9.67,9.46,9.49,110475.0,1048407.75,0.0,-1.2486992715920797,2.2198731501056983
2024-08-02,9.45,9.82,9.39,9.46,149728.0,1416426.8800000001,0.0,-0.31612223393044925,4.579339723109688
2024-08-05,9.33,9.45,8.95,8.95,160194.0,1433736.2999999998,0.0,-5.391120507399593,5.5865921787709505
2024-08-06,8.99,9.13,8.93,9.07,76994.0,698335.5800000001,0.0,1.3407821229050487,2.2396416573348383
2024-08-07,9.01,9.12,8.98,9.0,57857.0,520713.0,0.0,-0.7717750826901959,1.5590200445434164
2024-08-08,8.98,9.34,8.79,9.15,125726.0,1150392.9000000001,0.0,1.6666666666666607,6.257110352673502
2024-08-09,9.2,10.07,9.12,10.07,492339.0,4957853.73,0.0,10.054644808743163,10.41666666666668
2024-08-12,10.07,10.79,9.78,9.91,729432.0,7228671.12,0.0,-1.5888778550148919,10.32719836400818
2024-08-13,9.76,10.0,9.62,9.79,431702.0,4226362.58,0.0,-1.2108980827447158,3.9501039501039585
2024-08-14,9.75,10.19,9.56,10.0,484686.0,4846860.0,0.0,2.1450459652706977,6.589958158995805
2024-08-15,9.76,10.28,9.75,10.13,424702.0,4302231.260000001,0.0,1.3000000000000123,5.435897435897429
2024-08-16,10.14,10.29,9.93,9.94,330735.0,3287505.9,0.0,-1.875616979269512,3.625377643504526
2024-08-19,9.96,9.97,9.63,9.71,242776.0,2357354.9600000004,0.0,-2.31388329979878,3.5306334371754913
2024-08-20,9.71,10.69,9.7,10.25,771513.0,7908008.25,0.0,5.561277033985568,10.206185567010312
2024-08-21,9.97,10.06,9.66,9.8,476135.0,4666123.0,0.0,-4.390243902439018,4.140786749482405
2024-08-22,9.79,10.44,9.75,10.04,441257.0,4430220.279999999,0.0,2.4489795918367196,7.076923076923072
2024-08-23,10.19,10.75,10.02,10.56,621037.0,6558150.720000001,0.0,5.179282868525914,7.285429141716572
2024-08-26,11.16,11.62,11.07,11.62,325757.0,3785296.34,0.0,10.037878787878785,4.968383017163496
2024-08-27,12.17,12.51,11.5,11.65,1313219.0,15299001.35,0.0,0.2581755593803914,8.782608695652172
2024-08-28,11.96,12.1,10.81,11.03,878586.0,9690803.58,0.0,-5.321888412017173,11.93339500462534
2024-08-29,10.72,12.14,10.72,12.14,967191.0,11741698.74,0.0,10.063463281958306,13.246268656716417
2024-08-30,12.49,13.36,12.2,13.36,1086682.0,14518071.52,0.0,10.049423393739687,9.508196721311476
2024-09-02,14.03,14.7,13.87,14.55,1975694.0,28746347.700000003,0.0,8.907185628742532,5.984138428262438
2024-09-03,14.35,16.01,14.16,16.01,1478748.0,23674755.480000004,0.0,10.034364261168394,13.064971751412438
2024-09-04,16.28,16.65,14.4,14.75,2660791.0,39246667.25,0.0,-7.870081199250478,15.624999999999986
2024-09-05,14.15,15.63,13.32,15.24,2254398.0,34357025.52,0.0,3.322033898305077,17.342342342342345
2024-09-06,14.0,14.54,13.71,13.71,1568035.0,21497759.85,0.0,-10.03937007874015,6.053975200583503
2024-09-09,14.4,14.8,12.61,13.06,1887678.0,24653074.68,0.0,-4.741064916119619,17.367168913560675
2024-09-10,12.67,13.93,12.23,13.93,1764758.0,24583078.94,0.0,6.661562021439504,13.900245298446437
2024-09-11,13.14,13.38,12.53,12.53,1351092.0,16929182.759999998,0.0,-10.050251256281406,6.783719074221879
2024-09-12,11.96,12.15,11.33,11.35,1563751.0,17748573.849999998,0.0,-9.417398244213881,7.237422771403357
2024-09-13,11.45,11.53,10.79,10.81,1187926.0,12841480.06,0.0,-4.757709251101316,6.858202038924934
2024-09-18,11.15,11.3,10.76,10.78,726124.0,7827616.72,0.0,-0.27752081406106077,5.018587360594804
2024-09-19,10.89,11.03,10.62,10.95,762054.0,8344491.3,0.0,1.57699443413728,3.860640301318269
2024-09-20,10.95,11.13,10.65,10.75,843820.0,9071065.0,0.0,-1.826484018264829,4.5070422535211305
2024-09-23,10.61,10.77,10.4,10.41,784937.0,8171194.17,0.0,-3.1627906976744224,3.5576923076923
2024-09-24,10.33,10.56,10.04,10.54,921035.0,9707708.899999999,0.0,1.2487992315081575,5.1792828685259105
2024-09-25,10.47,10.91,10.46,10.55,950314.0,10025812.700000001,0.0,0.09487666034158071,4.302103250478004
2024-09-26,10.64,10.87,10.53,10.87,953676.0,10366458.12,0.0,3.033175355450224,3.228869895536561
2024-09-27,10.87,11.39,10.87,11.38,628004.0,7146685.5200000005,0.0,4.691812327506906,4.783808647654107
2024-09-30,11.99,12.52,11.6,12.52,1421951.0,17802826.52,0.0,10.017574692442865,7.93103448275862
2024-10-08,13.78,13.78,12.15,13.3,1668849.0,22195691.700000003,0.0,6.230031948881809,13.415637860082297
2024-10-09,12.91,13.02,11.97,11.97,1033343.0,12369115.71,0.0,-9.999999999999998,8.771929824561395
2024-10-10,12.01,12.29,11.5,11.77,682141.0,8028799.569999999,0.0,-1.670843776106945,6.869565217391297
2024-10-11,11.64,11.7,10.88,11.06,518351.0,5732962.0600000005,0.0,-6.032285471537802,7.536764705882339
2024-10-14,10.98,12.05,10.9,12.04,721906.0,8691748.24,0.0,8.860759493670866,10.550458715596333
2024-10-15,12.04,12.44,11.83,11.9,711397.0,8465624.3,0.0,-1.1627906976744096,5.156382079458998
2024-10-16,11.64,12.01,11.56,11.85,505215.0,5986797.75,0.0,-0.42016806722690037,3.8927335640138345
2024-10-17,11.87,12.42,11.81,12.18,783950.0,9548511.0,0.0,2.784810126582271,5.165114309906853
2024-10-18,12.15,12.94,12.06,12.78,1045170.0,13357272.6,0.0,4.92610837438423,7.296849087893856
2024-10-21,13.14,13.14,12.59,12.68,1033894.0,13109775.92,0.0,-0.7824726134585291,4.368546465448775
2024-10-22,12.58,12.95,12.37,12.74,766884.0,9770102.16,0.0,0.4731861198738141,4.6887631366208575
2024-10-23,12.62,12.73,12.32,12.36,597435.0,7384296.6,0.0,-2.982731554160134,3.327922077922079
2024-10-24,12.34,12.34,12.12,12.21,312739.0,3818543.1900000004,0.0,-1.213592233009697,1.8151815181518205
2024-10-25,12.24,12.58,12.18,12.35,433792.0,5357331.2,0.0,1.146601146601145,3.284072249589494
2024-10-28,12.31,12.46,12.11,12.41,453057.0,5622437.37,0.0,0.4858299595141835,2.890173410404636
2024-10-29,12.55,13.13,12.42,12.79,995874.0,12737228.459999999,0.0,3.0620467365028103,5.716586151368767
2024-10-30,12.65,13.61,12.6,13.45,1208985.0,16260848.25,0.0,5.1602814698983535,8.015873015873014
2024-10-31,13.75,13.75,13.06,13.25,1094702.0,14504801.5,0.0,-1.4869888475836368,5.2833078101071935
2024-11-01,13.1,13.37,12.49,12.49,770907.0,9628628.43,0.0,-5.7358490566037705,7.045636509207358
2024-11-04,12.36,13.64,12.36,13.29,816795.0,10855205.549999999,0.0,6.4051240992794245,10.355987055016191
2024-11-05,13.22,14.11,13.15,13.79,941562.0,12984139.979999999,0.0,3.7622272385252176,7.300380228136875
2024-11-06,13.79,14.11,13.46,13.58,913508.0,12405438.64,0.0,-1.522842639593902,4.829123328380375
2024-11-07,13.59,13.85,13.4,13.79,652978.0,9004566.62,0.0,1.546391752577314,3.358208955223875
2024-11-08,13.95,14.08,13.51,13.75,781625.0,10747343.75,0.0,-0.29006526468454696,4.219096965210957
2024-11-11,13.95,14.34,13.69,14.31,896970.0,12835640.700000001,0.0,4.072727272727272,4.747991234477724
2024-11-12,14.32,14.73,13.88,14.15,882524.0,12487714.6,0.0,-1.1180992313067795,6.123919308357346
2024-11-13,13.95,14.02,13.46,13.88,543278.0,7540698.640000001,0.0,-1.908127208480559,4.1604754829123225
2024-11-14,13.76,13.94,13.23,13.31,502293.0,6685519.83,0.0,-4.106628242074928,5.3665910808767885
2024-11-15,13.33,13.56,12.88,12.9,434769.0,5608520.100000001,0.0,-3.0803906836964656,5.279503105590059
2024-11-18,12.95,13.05,12.11,12.2,485163.0,5918988.6,0.0,-5.4263565891472965,7.7621800165152885
2024-11-19,12.26,12.83,12.26,12.83,458820.0,5886660.6,0.0,5.163934426229511,4.649265905383363
2024-11-20,12.85,13.49,12.75,13.2,463089.0,6112774.8,0.0,2.883865939204977,5.803921568627453
2024-11-21,13.0,13.16,12.75,12.96,340170.0,4408603.2,0.0,-1.8181818181818077,3.215686274509805
2024-11-22,12.97,13.09,12.25,12.31,373652.0,4599656.12,0.0,-5.015432098765437,6.857142857142856
2024-11-25,12.35,12.45,11.92,12.21,293396.0,3582365.16,0.0,-0.8123476848091005,4.4463087248322095
2024-11-26,12.21,12.44,11.97,11.98,214657.0,2571590.86,0.0,-1.8837018837018826,3.926482873851285
2024-11-27,11.87,12.18,11.58,12.17,297425.0,3619662.25,0.0,1.5859766277128484,5.1813471502590644
2024-11-28,12.15,12.48,11.96,12.2,406943.0,4964704.6,0.0,0.24650780608053147,4.347826086956518
2024-11-29,12.12,12.51,11.91,12.26,360365.0,4418074.9,0.0,0.4918032786885185,5.037783375314858
2024-12-02,12.24,12.45,12.2,12.43,299737.0,3725730.9099999997,0.0,1.3866231647634564,2.0491803278688527
2024-12-03,12.45,12.64,12.24,12.48,327846.0,4091518.08,0.0,0.4022526146419958,3.2679738562091534
2024-12-04,12.43,12.48,12.1,12.16,246111.0,2992709.7600000002,0.0,-2.564102564102566,3.1404958677686015
2024-12-05,12.13,12.35,12.11,12.29,172177.0,2116055.33,0.0,1.069078947368407,1.98183319570603
2024-12-06,12.3,12.39,12.1,12.31,238825.0,2939935.75,0.0,0.16273393002441683,2.3966942148760406
2024-12-09,12.3,12.34,12.0,12.08,235107.0,2840092.56,0.0,-1.8683996750609277,2.833333333333332
2024-12-10,12.36,12.55,12.21,12.23,377690.0,4619148.7,0.0,1.2417218543046449,2.784602784602783
2024-12-11,12.21,12.53,12.19,12.49,264425.0,3302668.25,0.0,2.1259198691741643,2.789171452009843
2024-12-12,12.52,12.66,12.27,12.54,313691.0,3933685.1399999997,0.0,0.4003202562049557,3.178484107579467
2024-12-13,12.45,12.49,12.09,12.09,325271.0,3932526.39,0.0,-3.5885167464114742,3.3085194375516984
2024-12-16,12.1,12.11,11.84,11.91,236291.0,2814225.81,0.0,-1.488833746898266,2.2804054054054017
2024-12-17,11.95,12.16,11.68,11.74,219534.0,2577329.16,0.0,-1.4273719563392073,4.109589041095894
2024-12-18,11.75,12.01,11.65,11.89,189105.0,2248458.45,0.0,1.27768313458263,3.090128755364802
2024-12-19,11.77,12.03,11.72,12.0,175654.0,2107848.0,0.0,0.925147182506314,2.645051194539238
2024-12-20,12.03,12.16,11.94,12.07,174789.0,2109703.23,0.0,0.5833333333333357,1.8425460636515967
2024-12-23,12.02,12.1,11.65,11.65,217907.0,2538616.5500000003,0.0,-3.479701739850871,3.8626609442060027
2024-12-24,11.69,11.84,11.51,11.76,165664.0,1948208.64,0.0,0.9442060085836923,2.867072111207646
2024-12-25,11.76,11.86,11.53,11.67,164060.0,1914580.2,0.0,-0.7653061224489832,2.8620988725065057
2024-12-26,11.66,11.86,11.63,11.7,126732.0,1482764.4,0.0,0.25706940874035134,1.9776440240756545
2024-12-27,11.75,12.02,11.67,11.8,194863.0,2299383.4,0.0,0.8547008547008739,2.9991431019708625
2024-12-30,11.82,11.91,11.58,11.78,141737.0,1669661.8599999999,0.0,-0.16949152542373724,2.849740932642488
2024-12-31,11.77,11.83,11.36,11.36,201071.0,2284166.56,0.0,-3.5653650254668934,4.137323943661977
2025-01-02,11.36,11.45,10.85,11.0,189713.0,2086843.0,0.0,-3.169014084507038,5.529953917050688
2025-01-03,11.03,11.09,10.71,10.75,166083.0,1785392.25,0.0,-2.2727272727272707,3.5480859010270676
2025-01-06,10.69,10.83,10.54,10.7,137894.0,1475465.7999999998,0.0,-0.46511627906977715,2.7514231499051323
2025-01-07,10.65,10.85,10.65,10.81,125907.0,1361054.6700000002,0.0,1.0280373831775824,1.8779342723004626
2025-01-08,10.84,10.84,10.35,10.61,212264.0,2252121.04,0.0,-1.8501387604070385,4.734299516908215
2025-01-09,10.55,10.75,10.54,10.68,136104.0,1453590.72,0.0,0.6597549481621057,1.9924098671726838
2025-01-10,10.67,10.77,10.34,10.34,124765.0,1290070.1,0.0,-3.183520599250933,4.158607350096709
2025-01-13,10.32,10.5,10.06,10.42,138677.0,1445014.34,0.0,0.7736943907156624,4.373757455268384
2025-01-14,10.4,11.21,10.38,11.11,260008.0,2888688.88,0.0,6.621880998080609,7.996146435452794
2025-01-15,11.01,11.13,10.85,10.91,152685.0,1665793.35,0.0,-1.8001800180017957,2.580645161290333
2025-01-16,11.01,11.15,10.87,10.99,130295.0,1431942.05,0.0,0.7332722273143855,2.5758969641214455
2025-01-17,10.99,11.09,10.89,11.05,116313.0,1285258.6500000001,0.0,0.5459508644221955,1.836547291092739
2025-01-20,11.1,11.32,11.05,11.18,137646.0,1538882.28,0.0,1.17647058823529,2.443438914027145
2025-01-21,11.24,11.38,11.15,11.2,154855.0,1734376.0,0.0,0.17889087656528524,2.0627802690582997
2025-01-22,11.15,11.23,11.0,11.07,122040.0,1350982.8,0.0,-1.1607142857142816,2.090909090909095
2025-01-23,11.21,11.36,11.02,11.02,135910.0,1497728.2,0.0,-0.4516711833785103,3.085299455535389
2025-01-24,11.02,11.23,10.97,11.23,140739.0,1580498.97,0.0,1.9056261343012748,2.3701002734731063
2025-01-27,11.35,11.43,10.96,10.96,167116.0,1831591.36,0.0,-2.4042742653606397,4.2883211678832005
2025-02-05,11.11,11.4,10.98,11.31,200782.0,2270844.42,0.0,3.193430656934293,3.8251366120218573
2025-02-06,11.31,12.44,11.26,12.28,635569.0,7804787.319999999,0.0,8.576480990274082,10.47957371225577
2025-02-07,12.31,12.43,12.0,12.29,529360.0,6505834.399999999,0.0,0.08143322475568926,3.583333333333331
2025-02-10,12.38,12.55,12.17,12.29,336800.0,4139271.9999999995,0.0,0.0,3.122432210353334
2025-02-11,12.34,12.7,12.22,12.48,457826.0,5713668.48,0.0,1.5459723352319044,3.9279869067103
2025-02-12,12.43,12.74,12.4,12.73,353777.0,4503581.21,0.0,2.003205128205132,2.741935483870966
2025-02-13,12.86,12.92,12.53,12.55,436443.0,5477359.65,0.0,-1.413982717989004,3.112529928172391
2025-02-14,12.53,13.0,12.5,12.67,373174.0,4728114.58,0.0,0.9561752988047845,4.0
2025-02-17,12.75,13.4,12.6,13.16,769556.0,10127356.96,0.0,3.8674033149171283,6.349206349206354
2025-02-18,12.82,12.94,12.34,12.38,565531.0,7001273.78,0.0,-5.927051671732519,4.862236628849268
2025-02-19,12.38,12.74,12.38,12.65,355666.0,4499174.9,0.0,2.1809369951534707,2.9079159935379595
2025-02-20,12.69,12.87,12.46,12.81,370899.0,4751216.19,0.0,1.2648221343873445,3.2905296950240635
2025-02-21,12.74,12.87,12.64,12.83,324655.0,4165323.65,0.0,0.15612802498048417,1.8196202531645462
2025-02-24,12.75,12.81,12.49,12.75,345558.0,4405864.5,0.0,-0.623538581449723,2.5620496397117716
2025-02-25,12.65,13.28,12.56,12.98,626676.0,8134254.48,0.0,1.8039215686274535,5.732484076433112
2025-02-26,13.23,13.58,12.93,13.17,730062.0,9614916.54,0.0,1.4637904468412843,5.027068832173243
2025-02-27,13.06,13.33,12.98,13.24,502381.0,6651524.44,0.0,0.5315110098709219,2.696456086286592
2025-02-28,13.4,13.4,12.76,12.84,503824.0,6469100.16,0.0,-3.0211480362537846,5.015673981191227
2025-03-03,12.98,13.5,12.75,13.13,593703.0,7795320.390000001,0.0,2.258566978193155,5.88235294117647
2025-03-04,12.94,13.16,12.81,12.97,307431.0,3987380.0700000003,0.0,-1.2185833968012205,2.732240437158467
2025-03-05,12.98,13.43,12.9,13.34,537961.0,7176399.74,0.0,2.8527370855821133,4.108527131782941
2025-03-06,13.35,13.45,13.2,13.35,485569.0,6482346.149999999,0.0,0.07496251874061777,1.893939393939394
2025-03-07,13.33,13.35,12.95,13.09,372504.0,4876077.36,0.0,-1.9475655430711614,3.0888030888030915
2025-03-10,13.09,13.27,13.01,13.13,251990.0,3308628.7,0.0,0.30557677616502854,1.9984627209838568
2025-03-11,12.95,13.17,12.84,13.11,224945.0,2949028.9499999997,0.0,-0.15232292460016783,2.570093457943926
2025-03-12,13.23,14.09,13.11,13.6,770193.0,10474624.799999999,0.0,3.7376048817696406,7.4752097635392865
2025-03-13,13.58,13.59,12.96,13.24,542253.0,7179429.72,0.0,-2.6470588235294024,4.861111111111103
2025-03-14,13.31,14.0,13.31,13.95,845224.0,11790874.799999999,0.0,5.36253776435045,5.184072126220882
2025-03-17,14.54,14.95,14.08,14.62,1247809.0,18242967.58,0.0,4.8028673835125435,6.178977272727267
2025-03-18,14.65,15.25,14.55,15.04,1052811.0,15834277.44,0.0,2.8727770177838563,4.810996563573878
2025-03-19,14.9,14.9,14.26,14.36,736234.0,10572320.24,0.0,-4.521276595744683,4.488078541374478
2025-03-20,14.26,14.26,13.15,13.41,847429.0,11364022.89,0.0,-6.615598885793872,8.441064638783265
2025-03-21,13.2,13.4,12.31,12.36,800644.0,9895959.84,0.0,-7.829977628635354,8.85458976441917
2025-03-24,12.46,12.52,11.78,12.19,516560.0,6296866.399999999,0.0,-1.3754045307443397,6.2818336162988135
2025-03-25,12.19,12.25,11.94,12.15,290706.0,3532077.9,0.0,-0.3281378178835004,2.596314907872701
2025-03-26,12.15,12.31,12.04,12.13,246275.0,2987315.75,0.0,-0.16460905349794386,2.2425249169435326
2025-03-27,12.08,12.15,11.89,12.02,219071.0,2633233.42,0.0,-0.906842539159125,2.1867115222876348
2025-03-28,12.1,12.14,11.69,11.72,269756.0,3161540.3200000003,0.0,-2.4958402662229484,3.849443969204457
2025-03-31,11.72,11.87,11.6,11.8,222778.0,2628780.4000000004,0.0,0.6825938566553003,2.327586206896548
2025-04-01,11.86,11.97,11.82,11.82,185407.0,2191510.74,0.0,0.16949152542371504,1.2690355329949268
2025-04-02,11.8,11.89,11.65,11.73,163222.0,1914594.06,0.0,-0.761421319796951,2.060085836909873
2025-04-03,11.5,11.77,11.47,11.56,158692.0,1834479.52,0.0,-1.449275362318836,2.615518744550993
2025-04-07,10.78,10.9,10.4,10.4,254936.0,2651334.4,0.0,-10.034602076124566,4.8076923076923075
2025-04-08,10.25,10.43,9.74,9.96,405090.0,4034696.4000000004,0.0,-4.230769230769226,7.084188911704308
2025-04-09,9.75,10.4,9.27,10.32,339633.0,3505012.56,0.0,3.6144578313253017,12.189859762675304
2025-04-10,10.58,10.85,10.51,10.54,321079.0,3384172.6599999997,0.0,2.1317829457364157,3.2350142721217874
2025-04-11,10.92,11.23,10.85,10.98,468109.0,5139836.82,0.0,4.174573055028485,3.5023041474654453
2025-04-14,11.15,11.25,10.91,10.92,336987.0,3679898.04,0.0,-0.5464480874316946,3.116406966086158
2025-04-15,10.96,11.13,10.75,10.83,205345.0,2223886.35,0.0,-0.8241758241758212,3.5348837209302397
2025-04-16,10.72,10.87,10.45,10.56,183318.0,1935838.08,0.0,-2.4930747922437657,4.019138755980861
2025-04-17,10.53,10.79,10.45,10.66,150250.0,1601665.0,0.0,0.9469696969697017,3.2535885167464107
2025-04-18,10.56,11.12,10.56,11.02,279019.0,3074789.38,0.0,3.377110694183849,5.30303030303029
2025-04-21,10.82,10.99,10.79,10.92,253585.0,2769148.2,0.0,-0.9074410163339319,1.8535681186283695
2025-04-22,10.88,10.91,10.7,10.74,193343.0,2076503.82,0.0,-1.6483516483516425,1.9626168224299148
2025-04-23,10.81,10.99,10.75,10.86,176097.0,1912413.42,0.0,1.1173184357541777,2.232558139534886
2025-04-24,10.75,10.84,10.59,10.67,156736.0,1672373.1199999999,0.0,-1.7495395948434522,2.3607176581680833
2025-04-25,10.63,10.78,10.62,10.64,137867.0,1466904.8800000001,0.0,-0.2811621368322359,1.5065913370998132
2025-04-28,10.55,10.63,10.38,10.44,152024.0,1587130.5599999998,0.0,-1.8796992481203145,2.4084778420038533
2025-04-29,10.4,10.62,10.36,10.5,97532.0,1024086.0,0.0,0.5747126436781658,2.5096525096525077
2025-04-30,10.55,10.68,10.5,10.63,123277.0,1310434.51,0.0,1.2380952380952381,1.7142857142857115
2025-05-06,10.7,11.23,10.66,11.19,345707.0,3868461.3299999996,0.0,5.2681091251175705,5.347091932457788
2025-05-07,11.34,11.83,11.15,11.65,552015.0,6430974.75,0.0,4.110813226094745,6.0986547085201765
2025-05-08,11.6,11.71,11.48,11.62,332052.0,3858444.2399999998,0.0,-0.25751072961374133,2.003484320557495
2025-05-09,11.62,11.65,11.33,11.35,210182.0,2385565.6999999997,0.0,-2.3235800344234003,2.8243601059135064
2025-05-12,11.45,11.62,11.45,11.5,169112.0,1944788.0,0.0,1.3215859030837107,1.4847161572052396
2025-05-13,11.65,11.7,11.4,11.47,281257.0,3226017.79,0.0,-0.2608695652173809,2.6315789473684115
2025-05-14,11.48,11.56,11.34,11.54,182994.0,2111750.76,0.0,0.6102877070618851,1.9400352733686126
2025-05-15,11.6,12.06,11.54,11.68,582091.0,6798822.88,0.0,1.2131715771230622,4.506065857885627
2025-05-16,11.68,12.31,11.58,12.24,758205.0,9280429.2,0.0,4.794520547945202,6.303972366148535
2025-05-19,12.04,12.12,11.51,11.7,531945.0,6223756.5,0.0,-4.4117647058823595,5.299739357080795
2025-05-20,11.76,11.8,11.4,11.56,325139.0,3758606.8400000003,0.0,-1.1965811965811812,3.5087719298245648
2025-05-21,11.56,11.57,11.32,11.41,224857.0,2565618.37,0.0,-1.2975778546712835,2.208480565371025
2025-05-22,11.34,11.53,11.28,11.32,167573.0,1896926.36,0.0,-0.7887817703768563,2.2163120567375887
2025-05-23,11.37,11.45,11.15,11.17,175117.0,1956056.89,0.0,-1.3250883392226132,2.690582959641246
2025-05-26,11.15,11.28,11.11,11.22,138638.0,1555518.36,0.0,0.44762757385856666,1.5301530153015295
2025-05-27,11.2,11.2,10.9,10.94,176795.0,1934137.2999999998,0.0,-2.4955436720142665,2.7522935779816415
2025-05-28,10.97,11.03,10.91,10.96,111354.0,1220439.84,0.0,0.1828153564899626,1.0999083409715786
2025-05-29,10.97,11.18,10.95,11.14,147949.0,1648151.86,0.0,1.642335766423364,2.1004566210045703
2025-05-30,11.08,11.1,10.88,10.92,136039.0,1485545.88,0.0,-1.9748653500897717,2.022058823529401
2025-06-03,10.85,10.96,10.81,10.89,90714.0,987875.4600000001,0.0,-0.27472527472527375,1.387604070305276
2025-06-04,10.91,11.11,10.89,11.08,136706.0,1514702.48,0.0,1.7447199265381075,2.0202020202020097
2025-06-05,11.09,11.17,10.96,11.11,177504.0,1972069.44,0.0,0.27075812274368616,1.9160583941605753
2025-06-06,11.13,11.14,11.02,11.06,105108.0,1162494.48,0.0,-0.4500450045004434,1.0889292196007352
2025-06-09,11.1,11.14,11.05,11.09,121565.0,1348155.85,0.0,0.2712477396021651,0.8144796380090484
2025-06-10,11.12,11.16,10.8,10.9,169507.0,1847626.3,0.0,-1.7132551848512145,3.3333333333333277
2025-06-11,10.91,11.05,10.9,10.99,103335.0,1135651.65,0.0,0.8256880733944927,1.376146788990829
2025-06-12,10.96,10.99,10.87,10.89,105021.0,1143678.69,0.0,-0.9099181073703333,1.1039558417663387
2025-06-13,10.9,10.9,10.63,10.65,137789.0,1467452.85,0.0,-2.203856749311295,2.539981185324549
2025-06-16,10.64,10.8,10.58,10.75,79209.0,851496.75,0.0,0.9389671361502261,2.0793950850661687
2025-06-17,10.76,10.82,10.68,10.79,69451.0,749376.2899999999,0.0,0.37209302325580396,1.310861423220979
2025-06-18,10.75,10.84,10.71,10.8,80054.0,864583.2000000001,0.0,0.0926784059314345,1.213818860877675
2025-06-19,10.8,11.04,10.75,10.77,195571.0,2106299.67,0.0,-0.2777777777777879,2.697674418604643
2025-06-20,10.77,10.93,10.65,10.67,100671.0,1074159.57,0.0,-0.9285051067780881,2.6291079812206513
2025-06-23,10.6,10.82,10.51,10.8,120390.0,1300212.0,0.0,1.2183692596063889,2.9495718363463417
2025-06-24,10.82,11.12,10.82,11.11,191378.0,2126209.58,0.0,2.8703703703703676,2.7726432532347403
2025-06-25,11.11,11.19,11.07,11.18,183639.0,2053084.02,0.0,0.6300630063006407,1.0840108401083939
2025-06-26,11.23,11.3,11.13,11.16,176078.0,1965030.48,0.0,-0.17889087656529634,1.5274034141958663
2025-06-27,11.19,11.32,11.16,11.22,127441.0,1429888.02,0.0,0.5376344086021501,1.4336917562724028
2025-06-30,11.21,11.32,11.21,11.3,145961.0,1649359.3,0.0,0.7130124777183555,0.9812667261373722
2025-07-01,11.29,11.4,11.19,11.32,182700.0,2068164.0,0.0,0.1769911504424737,1.876675603217166
2025-07-02,11.3,11.32,11.2,11.27,134275.0,1513279.25,0.0,-0.4416961130742081,1.0714285714285805
2025-07-03,11.29,11.58,11.27,11.56,289033.0,3341221.48,0.0,2.5732031943212164,2.7506654835847426
2025-07-04,11.56,11.56,11.29,11.3,190947.0,2157701.1,0.0,-2.249134948096887,2.3914968999114383
2025-07-07,11.32,11.44,11.24,11.29,101900.0,1150451.0,0.0,-0.08849557522124796,1.7793594306049758
2025-07-08,11.26,11.62,11.23,11.51,222564.0,2561711.64,0.0,1.9486271036315284,3.4728406055209153
2025-07-09,11.47,11.5,11.33,11.37,187420.0,2130965.4,0.0,-1.2163336229365829,1.5004413062665483
2025-07-10,11.36,11.41,11.24,11.34,131327.0,1489248.18,0.0,-0.26385224274405594,1.5124555160142341
2025-07-11,11.35,11.4,11.2,11.35,142746.0,1620167.0999999999,0.0,0.08818342151675207,1.7857142857142954
2025-07-14,11.37,11.48,11.32,11.41,109582.0,1250330.62,0.0,0.5286343612334932,1.413427561837457
2025-07-15,11.41,11.49,11.22,11.43,143208.0,1636867.44,0.0,0.17528483786151128,2.4064171122994615
2025-07-16,11.38,11.5,11.31,11.4,111813.0,1274668.2,0.0,-0.2624671916010457,1.679929266136158
2025-07-17,11.39,11.65,11.36,11.63,207955.0,2418516.6500000004,0.0,2.017543859649118,2.552816901408459
2025-07-18,11.66,11.7,11.45,11.56,139711.0,1615059.1600000001,0.0,-0.6018916595012969,2.183406113537118
2025-07-21,11.57,11.62,11.49,11.57,156849.0,1814742.93,0.0,0.08650519031141446,1.131418624891201
2025-07-22,11.56,11.67,11.5,11.55,139384.0,1609885.2000000002,0.0,-0.17286084701814142,1.4782608695652166
2025-07-23,11.54,11.6,11.43,11.45,152586.0,1747109.7,0.0,-0.8658008658008809,1.487314085739282
2025-07-24,11.45,11.63,11.45,11.62,161680.0,1878721.5999999999,0.0,1.4847161572052459,1.572052401746738
2025-07-25,11.62,11.7,11.54,11.58,143014.0,1656102.12,0.0,-0.344234079173833,1.3864818024263446
2025-07-28,11.57,11.69,11.55,11.63,158618.0,1844727.34,0.0,0.43177892918826455,1.2121212121212015
2025-07-29,11.63,11.73,11.5,11.66,179681.0,2095080.46,0.0,0.2579535683576939,2.000000000000004
2025-07-30,11.74,12.2,11.74,11.83,403511.0,4773535.13,0.0,1.4579759862778818,3.918228279386704
2025-07-31,11.81,12.12,11.81,11.96,360888.0,4316220.48,0.0,1.098901098901095,2.6248941574936384
2025-08-01,11.85,12.14,11.78,11.88,284024.0,3374205.12,0.0,-0.6688963210702337,3.056027164685919
2025-08-04,11.8,11.94,11.69,11.84,218733.0,2589798.7199999997,0.0,-0.33670033670034627,2.1385799828913603
2025-08-05,11.9,12.27,11.9,12.09,354538.0,4286364.42,0.0,2.1114864864864913,3.109243697478985
2025-08-06,12.12,12.17,12.01,12.14,218492.0,2652492.8800000004,0.0,0.41356492969397696,1.3322231473771868
2025-08-07,12.14,12.37,12.08,12.16,272211.0,3310085.7600000002,0.0,0.16474464579900872,2.400662251655622
2025-08-08,12.17,12.18,11.97,11.99,204587.0,2452998.13,0.0,-1.398026315789469,1.754385964912273
2025-08-11,11.98,12.65,11.96,12.37,374690.0,4634915.3,0.0,3.169307756463713,5.769230769230765
2025-08-12,12.33,12.42,12.2,12.29,213372.0,2622341.88,0.0,-0.6467259498787348,1.8032786885245955
2025-08-13,12.29,12.4,12.21,12.33,230169.0,2837983.77,0.0,0.32546786004883366,1.5561015561015519
2025-08-14,12.35,12.5,12.07,12.15,235347.0,2859466.0500000003,0.0,-1.4598540145985384,3.5625517812758885
2025-08-15,12.13,12.77,12.11,12.75,531577.0,6777606.75,0.0,4.938271604938271,5.450041288191579
2025-08-18,12.65,12.85,12.63,12.7,425528.0,5404205.6,0.0,-0.39215686274510775,1.7418844022169346
2025-08-19,12.63,12.87,12.58,12.86,336449.0,4326734.14,0.0,1.2598425196850505,2.305246422893475
2025-08-20,12.83,13.25,12.72,13.16,534005.0,7027505.8,0.0,2.3328149300155587,4.166666666666662
2025-08-21,13.3,13.86,13.07,13.55,817709.0,11079956.950000001,0.0,2.9635258358662764,6.0443764345830076
2025-08-22,13.44,13.58,13.25,13.41,514639.0,6901308.99,0.0,-1.0332103321033292,2.4905660377358494
2025-08-25,13.42,13.58,13.07,13.19,578649.0,7632380.31,0.0,-1.6405667412378921,3.9020657995409316
2025-08-26,13.17,13.35,13.03,13.16,344570.0,4534541.2,0.0,-0.22744503411674666,2.455871066768997
2025-08-27,13.34,13.67,12.85,12.85,534683.0,6870676.55,0.0,-2.3556231003039496,6.381322957198446
2025-08-28,12.81,13.18,12.72,13.13,474972.0,6236382.36,0.0,2.1789883268482635,3.616352201257854
2025-08-29,13.27,13.33,12.97,13.08,324246.0,4241137.68,0.0,-0.38080731150038627,2.775636083269078
2025-09-01,13.13,13.24,12.84,13.13,380295.0,4993273.350000001,0.0,0.3822629969419067,3.1152647975077907
2025-09-02,13.13,13.15,12.34,12.46,453785.0,5654161.100000001,0.0,-5.1028179741051005,6.564019448946519
2025-09-03,12.89,13.14,12.36,12.41,472400.0,5862484.0,0.0,-0.40128410914928025,6.310679611650495
2025-09-04,12.58,12.85,11.9,12.16,439110.0,5339577.6,0.0,-2.014504431909747,7.983193277310918
2025-09-05,12.2,12.75,12.06,12.66,436962.0,5531938.92,0.0,4.111842105263164,5.721393034825866
2025-09-08,12.62,13.12,12.62,12.86,398260.0,5121623.6,0.0,1.5797788309636518,3.961965134706815
2025-09-09,12.77,12.8,12.36,12.39,288924.0,3579768.3600000003,0.0,-3.6547433903576843,3.559870550161823
2025-09-10,12.33,12.46,12.15,12.22,257069.0,3141383.18,0.0,-1.3720742534301889,2.551440329218111
2025-09-11,12.2,13.08,12.06,12.89,520727.0,6712171.03,0.0,5.482815057283141,8.457711442786065
2025-09-12,12.81,12.97,12.63,12.64,274889.0,3474596.96,0.0,-1.9394879751745586,2.6920031670625484
2025-09-15,12.64,12.71,12.34,12.36,245718.0,3037074.48,0.0,-2.2151898734177333,2.998379254457058
2025-09-16,12.45,12.94,12.42,12.84,431266.0,5537455.4399999995,0.0,3.8834951456310662,4.186795491143314
2025-09-17,12.8,13.24,12.71,13.16,461742.0,6076524.72,0.0,2.492211838006231,4.169944925255699
2025-09-18,13.29,14.05,13.27,13.44,828603.0,11136424.32,0.0,2.127659574468077,5.877920120572729
2025-09-19,13.42,13.68,13.22,13.36,372952.0,4982638.72,0.0,-0.5952380952380931,3.4795763993948494
2025-09-22,13.4,13.5,13.13,13.25,312353.0,4138677.25,0.0,-0.8233532934131649,2.8179741051028118
2025-09-23,13.2,13.29,12.51,12.84,387742.0,4978607.28,0.0,-3.0943396226415065,6.235011990407669
2025-09-24,12.69,13.07,12.61,13.04,290139.0,3783412.5599999996,0.0,1.5576323987538832,3.647898493259325
2025-09-25,13.0,13.09,12.75,12.86,280242.0,3603912.1199999996,0.0,-1.3803680981595123,2.6666666666666656
2025-09-26,12.76,13.14,12.6,12.81,376833.0,4827230.73,0.0,-0.38880248833591535,4.285714285714294
2025-09-29,12.75,13.28,12.72,13.13,419767.0,5511540.71,0.0,2.4980483996877467,4.40251572327043
2025-09-30,13.13,13.35,12.92,12.99,297100.0,3859329.0,0.0,-1.066260472201075,3.3281733746130007
2025-10-09,13.0,13.14,12.8,12.85,298916.0,3841070.6,0.0,-1.0777521170130866,2.656249999999999
2025-10-10,12.8,12.88,12.37,12.41,350950.0,4355289.5,0.0,-3.424124513618676,4.122877930476973
2025-10-13,11.78,12.11,11.61,12.06,370440.0,4467506.4,0.0,-2.8203062046736505,4.3066322136089585
2025-10-14,12.13,12.44,11.71,11.78,332491.0,3916743.98,0.0,-2.321724709784423,6.233988044406479
2025-10-15,11.78,11.9,11.53,11.88,245408.0,2915447.04,0.0,0.8488964346349936,3.2090199479618478
2025-10-16,11.85,11.86,11.61,11.66,167299.0,1950706.34,0.0,-1.85185185185186,2.1533161068044793
2025-10-17,11.72,11.74,11.16,11.21,240657.0,2697764.97,0.0,-3.8593481989708356,5.197132616487456
2025-10-20,11.37,11.47,11.3,11.4,136746.0,1558904.4000000001,0.0,1.6949152542372836,1.5044247787610612
2025-10-21,11.48,11.71,11.37,11.59,155106.0,1797678.54,0.0,1.6666666666666607,2.9903254177660656
2025-10-22,11.6,11.6,11.44,11.51,99127.0,1140951.77,0.0,-0.690250215703192,1.3986013986014
2025-10-23,11.49,11.57,11.33,11.53,106851.0,1231992.03,0.0,0.17376194613378804,2.11827007943513
2025-10-24,11.59,11.75,11.55,11.71,132563.0,1552312.7300000002,0.0,1.5611448395490113,1.7316017316017254
2025-10-27,11.79,11.9,11.71,11.82,157232.0,1858482.24,0.0,0.9393680614859123,1.6225448334756574
2025-10-28,11.8,12.33,11.71,12.09,263677.0,3187854.93,0.0,2.284263959390853,5.294619982920574
2025-10-29,12.1,12.25,11.95,12.2,165546.0,2019661.2,0.0,0.9098428453267138,2.510460251046031
2025-10-30,12.15,12.29,12.06,12.13,161935.0,1964271.55,0.0,-0.5737704918032716,1.9071310116086124
2025-10-31,12.39,12.48,12.24,12.26,223041.0,2734482.66,0.0,1.0717230008243872,1.960784313725492
2025-11-03,12.3,12.58,12.17,12.51,251186.0,3142336.86,0.0,2.0391517128874437,3.368940016433855
2025-11-04,12.47,12.55,12.22,12.3,154592.0,1901481.6,0.0,-1.6786570743405171,2.700490998363339
2025-11-05,12.18,12.37,12.12,12.31,118915.0,1463843.6500000001,0.0,0.08130081300812275,2.0627062706270625
2025-11-06,12.27,12.41,12.24,12.3,115097.0,1415693.1,0.0,-0.08123476848090894,1.3888888888888884
2025-11-07,12.25,12.36,12.18,12.27,104973.0,1288018.71,0.0,-0.24390243902440156,1.4778325123152687
2025-11-10,12.25,12.36,12.13,12.23,117434.0,1436217.82,0.0,-0.32599837000814036,1.8961253091508545
2025-11-11,12.17,12.3,12.13,12.14,102107.0,1239578.98,0.0,-0.7358953393295176,1.401483924154987
2025-11-12,12.12,12.14,11.85,11.97,129119.0,1545554.4300000002,0.0,-1.4003294892915963,2.4472573839662526
2025-11-13,11.99,12.25,11.92,12.15,125790.0,1528348.5,0.0,1.5037593984962294,2.7684563758389267
2025-11-14,12.13,12.17,11.88,11.89,131205.0,1560027.4500000002,0.0,-2.139917695473248,2.4410774410774336
2025-11-17,11.8,11.96,11.8,11.91,123339.0,1468967.49,0.0,0.1682085786375076,1.3559322033898318
2025-11-18,11.88,11.93,11.67,11.72,128337.0,1504109.6400000001,0.0,-1.5952980688497043,2.227934875749784
2025-11-19,11.77,11.81,11.45,11.56,138394.0,1599834.6400000001,0.0,-1.3651877133105783,3.14410480349346
2025-11-20,11.59,11.75,11.53,11.59,115763.0,1341693.17,0.0,0.2595155709342434,1.9080659150043422
2025-11-21,11.53,11.6,11.14,11.14,174523.0,1944186.2200000002,0.0,-3.8826574633304523,4.129263913824048
2025-11-24,11.28,11.35,11.13,11.33,98595.0,1117081.35,0.0,1.7055655296229766,1.9766397124887587
2025-11-25,11.41,11.53,11.3,11.3,147453.0,1666218.9000000001,0.0,-0.26478375992938785,2.035398230088483
2025-11-26,11.31,11.35,11.13,11.17,124958.0,1395780.86,0.0,-1.1504424778761124,1.9766397124887587
2025-11-27,11.18,11.48,11.18,11.27,132186.0,1489736.22,0.0,0.8952551477170889,2.683363148479434
2025-11-28,11.26,11.32,11.18,11.24,105332.0,1183931.68,0.0,-0.2661934338952898,1.2522361359570713
2025-12-01,11.28,11.45,11.2,11.41,159641.0,1821503.81,0.0,1.5124555160142439,2.232142857142857
2025-12-02,11.42,11.5,11.29,11.33,117487.0,1331127.71,0.0,-0.7011393514461006,1.8600531443755612
2025-12-03,11.35,11.37,11.2,11.25,94145.0,1059131.25,0.0,-0.7060900264783787,1.5178571428571423
2025-12-04,11.21,11.3,11.04,11.2,112711.0,1262363.2,0.0,-0.4444444444444473,2.3550724637681304
2025-12-05,11.2,11.38,11.1,11.36,98888.0,1123367.68,0.0,1.4285714285714235,2.5225225225225327
2025-12-08,11.35,11.5,11.32,11.39,141382.0,1610340.98,0.0,0.2640845070422726,1.5901060070671353
2025-12-09,11.36,11.48,11.31,11.37,110911.0,1261058.0699999998,0.0,-0.17559262510975504,1.5030946065428816
2025-12-10,11.33,11.37,11.18,11.29,117672.0,1328516.88,0.0,-0.7036059806508344,1.6994633273702997
2025-12-11,11.33,11.33,11.15,11.15,136755.0,1524818.25,0.0,-1.2400354295836968,1.6143497757847507
2025-12-12,11.15,11.21,11.06,11.09,128503.0,1425098.27,0.0,-0.5381165919282505,1.356238698010853
2025-12-15,11.08,11.15,10.92,10.93,164239.0,1795132.27,0.0,-1.4427412082957614,2.1062271062271103
2025-12-16,10.95,10.97,10.73,10.75,126367.0,1358445.25,0.0,-1.6468435498627643,2.2367194780987902
2025-12-17,10.76,10.88,10.56,10.86,160135.0,1739066.0999999999,0.0,1.023255813953483,3.030303030303033
2025-12-18,10.82,11.04,10.76,10.82,135951.0,1470989.82,0.0,-0.36832412523019054,2.6022304832713696
2025-12-19,10.85,10.92,10.81,10.87,129478.0,1407425.8599999999,0.0,0.46210720887245316,1.0175763182238615
2025-12-22,10.86,10.95,10.86,10.89,140693.0,1532146.77,0.0,0.18399264029440587,0.8287292817679546
2025-12-23,10.88,11.54,10.81,11.27,444725.0,5012050.75,0.0,3.489439853076215,6.753006475485648
2025-12-24,11.3,11.59,11.22,11.58,282263.0,3268605.54,0.0,2.7506654835847355,3.2976827094474084
2025-12-25,11.56,11.71,11.39,11.47,198421.0,2275888.87,0.0,-0.949913644214162,2.8094820017559288
2025-12-26,11.56,11.56,11.33,11.4,171228.0,1951999.2,0.0,-0.6102877070619073,2.030008826125335
2025-12-29,11.4,11.43,11.25,11.3,138088.0,1560394.4000000001,0.0,-0.877192982456132,1.5999999999999976
2025-12-30,11.25,12.43,11.23,12.43,1002894.0,12465972.42,0.0,9.999999999999986,10.685663401602843
2025-12-31,12.5,12.76,12.33,12.4,852671.0,10573120.4,0.0,-0.24135156878519748,3.4874290348742876
2026-01-05,12.4,12.47,12.09,12.15,472902.0,5745759.3,0.0,-2.0161290322580627,3.1430934656741174
2026-01-06,12.13,12.49,12.11,12.39,476213.0,5900279.07,0.0,1.975308641975304,3.137902559867884
2026-01-07,12.53,12.73,12.39,12.6,511029.0,6438965.399999999,0.0,1.6949152542372836,2.74414850686037
2026-01-08,12.59,13.84,12.45,13.58,934138.0,12685594.040000001,0.0,7.777777777777772,11.164658634538158
2026-01-09,13.65,14.47,13.65,13.91,1152121.0,16026003.11,0.0,2.4300441826214936,6.00732600732601
2026-01-12,14.5,15.3,14.4,15.3,1209543.0,18506007.900000002,0.0,9.992810927390373,6.250000000000003
2026-01-13,15.68,15.68,14.28,14.46,1036438.0,14986893.48,0.0,-5.490196078431375,9.803921568627453
2026-01-14,14.6,15.18,14.47,14.61,760017.0,11103848.37,0.0,1.0373443983402453,4.906703524533511
2026-01-15,14.6,14.74,13.96,14.55,663765.0,9657780.75,0.0,-0.4106776180698102,5.587392550143262
2026-01-16,14.9,15.06,14.38,14.86,611169.0,9081971.34,0.0,2.130584192439855,4.728789986091792
2026-01-19,14.9,15.0,14.52,14.57,439615.0,6405190.55,0.0,-1.9515477792732105,3.305785123966945
2026-01-20,14.48,14.79,13.93,14.15,505840.0,7157636.0,0.0,-2.8826355525051417,6.173725771715718
2026-01-21,14.11,14.28,13.97,14.13,292626.0,4134805.3800000004,0.0,-0.1413427561837377,2.219040801717958
2026-01-22,14.22,14.24,13.82,13.89,328388.0,4561309.32,0.0,-1.698513800424628,3.039073806078147
2026-01-23,14.03,15.28,14.01,15.28,753077.0,11507016.559999999,0.0,10.007199424046064,9.064953604568164
2026-01-26,16.07,16.77,15.41,15.5,1316310.0,20402805.0,0.0,1.4397905759162333,8.825438027255025
2026-01-27,15.19,15.98,14.98,15.65,887767.0,13893553.55,0.0,0.967741935483879,6.675567423230974
2026-01-28,15.65,15.71,15.1,15.2,534178.0,8119505.6,0.0,-2.8753993610223683,4.039735099337757
2026-01-29,15.12,15.42,14.74,14.86,507099.0,7535491.14,0.0,-2.2368421052631593,4.613297150610581
2026-01-30,14.78,14.86,14.01,14.54,462374.0,6722917.96,0.0,-2.1534320323014833,6.0670949321912895
2026-02-02,14.53,15.02,14.2,14.24,343649.0,4893561.76,0.0,-2.063273727647863,5.774647887323946
2026-02-03,14.4,15.44,14.4,15.15,564103.0,8546160.450000001,0.0,6.390449438202239,7.222222222222216
2026-02-04,15.14,15.51,14.99,15.32,537562.0,8235449.84,0.0,1.1221122112211157,3.4689793195463614
2026-02-05,15.02,15.14,14.63,14.74,360257.0,5310188.18,0.0,-3.7859007832898195,3.4859876965140106
2026-02-06,14.55,14.91,14.37,14.62,304150.0,4446673.0,0.0,-0.8141112618724633,3.7578288100208836
2026-02-09,15.0,15.43,14.95,15.14,417920.0,6327308.8,0.0,3.5567715458276528,3.210702341137127
2026-02-10,15.07,15.25,14.64,14.67,321337.0,4714013.79,0.0,-3.1043593130779423,4.1666666666666625
2026-02-11,14.61,14.95,14.4,14.45,315352.0,4556836.399999999,0.0,-1.499659168370826,3.819444444444437
2026-02-12,14.48,14.93,14.46,14.8,309710.0,4583708.0,0.0,2.422145328719738,3.2503457814661054
2026-02-13,14.71,14.71,14.31,14.33,275870.0,3953217.1,0.0,-3.175675675675682,2.7952480782669484
2026-02-24,14.55,14.78,14.44,14.45,271050.0,3916672.5,0.0,0.8374040474528943,2.3545706371191124
2026-02-25,14.47,14.68,14.3,14.63,300732.0,4399709.16,0.0,1.2456747404844482,2.65734265734265
2026-02-26,14.62,14.94,14.47,14.85,315123.0,4679576.55,0.0,1.5037593984962294,3.2480995162404893
2026-02-27,14.85,15.15,14.76,15.04,366083.0,5505888.319999999,0.0,1.2794612794612803,2.6422764227642315
2026-03-02,14.7,14.85,14.4,14.58,397406.0,5794179.48,0.0,-3.058510638297862,3.124999999999995
2026-03-03,14.53,14.6,13.17,13.21,572567.0,7563610.07,0.0,-9.396433470507537,10.858010630220196
2026-03-04,12.98,13.47,12.89,13.15,307370.0,4041915.5,0.0,-0.4542013626040897,4.499612102404965
2026-03-05,13.38,13.72,13.38,13.53,278193.0,3763951.29,0.0,2.889733840304176,2.541106128550074
2026-03-06,13.39,13.55,13.26,13.35,235849.0,3148584.15,0.0,-1.3303769401330379,2.1870286576169002
2026-03-09,13.06,13.29,12.66,13.25,330353.0,4377177.25,0.0,-0.7490636704119868,4.976303317535537
2026-03-10,13.4,13.98,13.4,13.86,297309.0,4120702.7399999998,0.0,4.603773584905646,4.328358208955224
2026-03-11,13.9,14.38,13.85,13.95,386199.0,5387476.05,0.0,0.6493506493506551,3.826714801444052
2026-03-12,13.86,14.19,13.67,13.86,273327.0,3788312.2199999997,0.0,-0.6451612903225823,3.80395025603511
2026-03-13,13.73,13.82,13.45,13.48,225390.0,3038257.2,0.0,-2.741702741702734,2.7509293680297473
2026-03-16,13.5,13.6,13.1,13.44,220639.0,2965388.1599999997,0.0,-0.29673590504452063,3.816793893129771
2026-03-17,13.5,13.63,12.86,12.94,281463.0,3642131.2199999997,0.0,-3.720238095238093,5.987558320373261
2026-03-18,12.89,13.16,12.85,13.12,196123.0,2573133.76,0.0,1.391035548686248,2.412451361867708
2026-03-19,12.9,12.98,12.66,12.76,229484.0,2928215.84,0.0,-2.7439024390243816,2.527646129541866
2026-03-20,12.75,12.97,12.39,12.39,233730.0,2895914.7,0.0,-2.8996865203761657,4.681194511702986
2026-03-23,12.15,12.29,11.45,11.61,330551.0,3837697.11,0.0,-6.295399515738509,7.3362445414847155
2026-03-24,11.84,11.89,11.4,11.79,242762.0,2862163.98,0.0,1.5503875968992276,4.298245614035089
2026-03-25,11.92,12.21,11.79,12.11,234280.0,2837130.8,0.0,2.714164546225617,3.562340966921134
2026-03-26,12.1,12.1,11.78,11.85,165427.0,1960309.95,0.0,-2.146985962014858,2.716468590831921
2026-03-27,11.68,12.34,11.6,12.1,207661.0,2512698.1,0.0,2.1097046413502074,6.379310344827588
2026-03-30,11.87,12.13,11.69,12.1,204423.0,2473518.3,0.0,0.0,3.7639007698888047
2026-03-31,12.01,12.17,11.7,11.86,333237.0,3952190.82,0.0,-1.983471074380172,4.017094017094023
2026-04-01,12.1,12.18,11.86,12.09,290951.0,3517597.59,0.0,1.9392917369308593,2.698145025295112
2026-04-02,12.0,12.07,11.66,11.73,196150.0,2300839.5,0.0,-2.977667493796521,3.516295025728989
2026-04-03,11.79,11.88,11.68,11.72,135450.0,1587474.0,0.0,-0.08525149190110604,1.712328767123297
2026-04-07,11.94,12.55,11.85,12.43,513405.0,6381624.149999999,0.0,6.058020477815695,5.907172995780599
2026-04-08,12.63,12.7,12.41,12.69,577629.0,7330112.01,0.0,2.091713596138378,2.336825141015303
2026-04-09,12.5,12.97,12.41,12.86,479370.0,6164698.2,0.0,1.3396375098502666,4.512489927477844
2026-04-10,13.09,13.85,13.01,13.49,866898.0,11694454.02,0.0,4.8989113530326645,6.456571867794003
2026-04-13,13.21,13.58,13.08,13.11,595906.0,7812327.659999999,0.0,-2.8169014084507116,3.82262996941896
2026-04-14,13.2,13.32,13.1,13.22,376908.0,4982723.76,0.0,0.8390541571319687,1.6793893129771043
2026-04-15,13.27,13.94,13.19,13.47,653730.0,8805743.1,0.0,1.8910741301058964,5.686125852918878
2026-04-16,13.42,13.72,13.32,13.65,411502.0,5617002.3,0.0,1.3363028953229383,3.003003003003006
2026-04-17,13.58,15.02,13.52,15.02,1001366.0,15040517.32,0.0,10.036630036630022,11.094674556213018
2026-04-20,15.01,15.46,14.86,15.03,1303284.0,19588358.52,0.0,0.06657789613848664,4.037685060565285
2026-04-21,15.02,15.06,14.59,14.69,696079.0,10225400.51,0.0,-2.262142381902865,3.221384509938318
2026-04-22,14.52,16.0,14.52,15.7,1043085.0,16376434.5,0.0,6.875425459496265,10.192837465564741
2026-04-23,15.8,15.84,14.97,15.02,689333.0,10353781.66,0.0,-4.331210191082802,5.811623246492981
2026-04-24,14.89,15.53,14.79,15.08,670394.0,10109541.52,0.0,0.3994673768308976,5.003380662609874
2026-04-27,15.08,16.57,15.08,16.1,859881.0,13844084.100000001,0.0,6.763925729442977,9.880636604774537
2026-04-28,15.8,15.98,15.24,15.34,608200.0,9329788.0,0.0,-4.720496894409942,4.855643044619424
2026-04-29,15.2,15.94,15.18,15.41,576230.0,8879704.3,0.0,0.45632333767926525,5.006587615283266
2026-04-30,15.5,15.98,15.45,15.54,553796.0,8605989.84,0.0,0.843608046722899,3.4304207119741177
2026-05-06,15.7,16.21,15.62,15.92,650811.0,10360911.12,0.0,2.445302445302455,3.7772087067861824
2026-05-07,16.01,17.0,15.78,16.58,714380.0,11844420.399999999,0.0,4.145728643216073,7.731305449936634
2026-05-08,16.42,16.66,16.13,16.53,526351.0,8700582.030000001,0.0,-0.3015681544028759,3.285802851828898
2026-05-11,17.3,17.57,16.82,16.92,864013.0,14619099.96,0.0,2.3593466424682408,4.4589774078478
2026-05-12,16.97,18.08,16.68,17.7,1072081.0,18975833.7,0.0,4.609929078014163,8.39328537170263
2026-05-13,17.5,18.73,17.43,18.2,992917.0,18071089.4,0.0,2.824858757062154,7.458405048766499
2026-05-14,18.3,18.87,17.63,18.3,992132.0,18156015.6,0.0,0.5494505494505475,7.033465683494056
2026-05-15,18.2,18.58,17.23,17.44,1083338.0,18893414.720000003,0.0,-4.699453551912569,7.835171213000567
